match_id,match_date,season,match_week,home/away,opponent,goals_scored,goals_conceded,result,description
68353,2004-10-16,2004/2005,7,away,Espanyol,1,0,w,Espanyol - Barcelona : 0 - 1 (2004-10-16)
68313,2004-10-24,2004/2005,8,home,Osasuna,3,0,w,Barcelona - Osasuna : 3 - 0 (2004-10-24)
68314,2004-12-04,2004/2005,14,home,Málaga,4,0,w,Barcelona - Málaga : 4 - 0 (2004-12-04)
69153,2004-12-11,2004/2005,15,away,Albacete,2,1,w,Albacete - Barcelona : 1 - 2 (2004-12-11)
68315,2004-12-21,2004/2005,17,home,Levante,2,1,w,Barcelona - Levante : 2 - 1 (2004-12-21)
68352,2005-04-17,2004/2005,32,home,Getafe,2,0,w,Barcelona - Getafe : 2 - 0 (2005-04-17)
68316,2005-05-01,2004/2005,34,home,Albacete,2,0,w,Barcelona - Albacete : 2 - 0 (2005-05-01)
68317,2005-10-01,2005/2006,6,home,Real Zaragoza,2,2,d,Barcelona - Real Zaragoza : 2 - 2 (2005-10-01)
68318,2005-10-22,2005/2006,8,home,Osasuna,3,0,w,Barcelona - Osasuna : 3 - 0 (2005-10-22)
69164,2005-10-26,2005/2006,11,home,Málaga,2,0,w,Barcelona - Málaga : 2 - 0 (2005-10-26)
68339,2005-11-06,2005/2006,10,away,Getafe,3,1,w,Getafe - Barcelona : 1 - 3 (2005-11-06)
68319,2005-11-19,2005/2006,12,away,Real Madrid,3,0,w,Real Madrid - Barcelona : 0 - 3 (2005-11-19)
68354,2005-11-27,2005/2006,13,home,Racing Santander,4,1,w,Barcelona - Racing Santander : 4 - 1 (2005-11-27)
68320,2005-12-04,2005/2006,14,away,Villarreal,2,0,w,Villarreal - Barcelona : 0 - 2 (2005-12-04)
68321,2005-12-11,2005/2006,15,home,Sevilla,2,1,w,Barcelona - Sevilla : 2 - 1 (2005-12-11)
68322,2005-12-17,2005/2006,16,away,Cádiz,3,1,w,Cádiz - Barcelona : 1 - 3 (2005-12-17)
68323,2005-12-20,2005/2006,17,home,Celta Vigo,2,0,w,Barcelona - Celta Vigo : 2 - 0 (2005-12-20)
68348,2006-01-07,2005/2006,18,away,Espanyol,2,1,w,Espanyol - Barcelona : 1 - 2 (2006-01-07)
68342,2006-01-15,2005/2006,19,home,Athletic Club,2,1,w,Barcelona - Athletic Club : 2 - 1 (2006-01-15)
68324,2006-01-22,2005/2006,20,home,Deportivo Alavés,2,0,w,Barcelona - Deportivo Alavés : 2 - 0 (2006-01-22)
68325,2006-01-29,2005/2006,21,away,Mallorca,3,0,w,Mallorca - Barcelona : 0 - 3 (2006-01-29)
68350,2006-02-05,2005/2006,22,home,Atlético Madrid,1,3,l,Barcelona - Atlético Madrid : 1 - 3 (2006-02-05)
69172,2006-02-18,2005/2006,24,home,Real Betis,5,1,w,Barcelona - Real Betis : 5 - 1 (2006-02-18)
68351,2006-02-25,2005/2006,25,away,Real Zaragoza,2,0,w,Real Zaragoza - Barcelona : 0 - 2 (2006-02-25)
68326,2006-08-28,2006/2007,1,away,Celta Vigo,3,2,w,Celta Vigo - Barcelona : 2 - 3 (2006-08-28)
68327,2006-09-09,2006/2007,2,home,Osasuna,3,0,w,Barcelona - Osasuna : 3 - 0 (2006-09-09)
68340,2006-09-17,2006/2007,3,away,Racing Santander,3,0,w,Racing Santander - Barcelona : 0 - 3 (2006-09-17)
68328,2006-09-24,2006/2007,4,home,Valencia,1,1,d,Barcelona - Valencia : 1 - 1 (2006-09-24)
68347,2006-09-30,2006/2007,5,away,Athletic Club,3,1,w,Athletic Club - Barcelona : 1 - 3 (2006-09-30)
68329,2006-10-15,2006/2007,6,home,Sevilla,3,1,w,Barcelona - Sevilla : 3 - 1 (2006-10-15)
68330,2006-10-22,2006/2007,7,away,Real Madrid,0,2,l,Real Madrid - Barcelona : 2 - 0 (2006-10-22)
69174,2006-11-04,2006/2007,9,away,Deportivo La Coruna,1,1,d,Deportivo La Coruna - Barcelona : 1 - 1 (2006-11-04)
68331,2006-11-12,2006/2007,10,home,Real Zaragoza,3,1,w,Barcelona - Real Zaragoza : 3 - 1 (2006-11-12)
69154,2007-02-11,2006/2007,22,home,Racing Santander,2,0,w,Barcelona - Racing Santander : 2 - 0 (2007-02-11)
68332,2007-02-18,2006/2007,23,away,Valencia,1,2,l,Valencia - Barcelona : 2 - 1 (2007-02-18)
68333,2007-02-25,2006/2007,24,home,Athletic Club,3,0,w,Barcelona - Athletic Club : 3 - 0 (2007-02-25)
68334,2007-03-03,2006/2007,25,away,Sevilla,1,2,l,Sevilla - Barcelona : 2 - 1 (2007-03-03)
68335,2007-03-10,2006/2007,26,home,Real Madrid,3,3,d,Barcelona - Real Madrid : 3 - 3 (2007-03-10)
68341,2007-03-17,2006/2007,27,away,Recreativo Huelva,4,0,w,Recreativo Huelva - Barcelona : 0 - 4 (2007-03-17)
69175,2007-03-31,2006/2007,28,home,Deportivo La Coruna,2,1,w,Barcelona - Deportivo La Coruna : 2 - 1 (2007-03-31)
69179,2007-04-07,2006/2007,29,away,Real Zaragoza,0,1,l,Real Zaragoza - Barcelona : 1 - 0 (2007-04-07)
69159,2007-04-15,2006/2007,30,home,Mallorca,1,0,w,Barcelona - Mallorca : 1 - 0 (2007-04-15)
69155,2007-04-22,2006/2007,31,away,Villarreal,0,2,l,Villarreal - Barcelona : 2 - 0 (2007-04-22)
69156,2007-04-29,2006/2007,32,home,Levante,1,0,w,Barcelona - Levante : 1 - 0 (2007-04-29)
69160,2007-05-05,2006/2007,33,away,Real Sociedad,2,0,w,Real Sociedad - Barcelona : 0 - 2 (2007-05-05)
69162,2007-05-13,2006/2007,34,home,Real Betis,1,1,d,Barcelona - Real Betis : 1 - 1 (2007-05-13)
69176,2007-05-20,2006/2007,35,away,Atlético Madrid,6,0,w,Atlético Madrid - Barcelona : 0 - 6 (2007-05-20)
69157,2007-05-26,2006/2007,36,home,Getafe,1,0,w,Barcelona - Getafe : 1 - 0 (2007-05-26)
69165,2007-06-09,2006/2007,37,home,Espanyol,2,2,d,Barcelona - Espanyol : 2 - 2 (2007-06-09)
68336,2007-06-17,2006/2007,38,away,Gimnàstic Tarragona,5,1,w,Gimnàstic Tarragona - Barcelona : 1 - 5 (2007-06-17)
69180,2007-08-26,2007/2008,1,away,Racing Santander,0,0,d,Racing Santander - Barcelona : 0 - 0 (2007-08-26)
69169,2007-09-02,2007/2008,2,home,Athletic Club,3,1,w,Barcelona - Athletic Club : 3 - 1 (2007-09-02)
69148,2007-09-22,2007/2008,4,home,Sevilla,2,1,w,Barcelona - Sevilla : 2 - 1 (2007-09-22)
69143,2007-09-26,2007/2008,5,home,Real Zaragoza,4,1,w,Barcelona - Real Zaragoza : 4 - 1 (2007-09-26)
69151,2007-09-29,2007/2008,6,away,Levante,4,1,w,Levante - Barcelona : 1 - 4 (2007-09-29)
69144,2007-10-07,2007/2008,7,home,Atlético Madrid,3,0,w,Barcelona - Atlético Madrid : 3 - 0 (2007-10-07)
68364,2007-10-20,2007/2008,8,away,Villarreal,1,3,l,Villarreal - Barcelona : 3 - 1 (2007-10-20)
69158,2007-10-28,2007/2008,9,home,Almería,2,0,w,Barcelona - Almería : 2 - 0 (2007-10-28)
68363,2007-11-01,2007/2008,10,away,Real Valladolid,1,1,d,Real Valladolid - Barcelona : 1 - 1 (2007-11-01)
69166,2007-11-04,2007/2008,11,home,Real Betis,3,0,w,Barcelona - Real Betis : 3 - 0 (2007-11-04)
69178,2007-11-10,2007/2008,12,away,Getafe,0,2,l,Getafe - Barcelona : 2 - 0 (2007-11-10)
69184,2007-11-24,2007/2008,13,home,Recreativo Huelva,3,0,w,Barcelona - Recreativo Huelva : 3 - 0 (2007-11-24)
68356,2007-12-01,2007/2008,14,away,Espanyol,1,1,d,Espanyol - Barcelona : 1 - 1 (2007-12-01)
69170,2007-12-09,2007/2008,15,home,Deportivo La Coruna,2,1,w,Barcelona - Deportivo La Coruna : 2 - 1 (2007-12-09)
69145,2007-12-15,2007/2008,16,away,Valencia,3,0,w,Valencia - Barcelona : 0 - 3 (2007-12-15)
69173,2008-01-20,2007/2008,20,home,Racing Santander,1,0,w,Barcelona - Racing Santander : 1 - 0 (2008-01-20)
69181,2008-01-27,2007/2008,21,away,Athletic Club,1,1,d,Athletic Club - Barcelona : 1 - 1 (2008-01-27)
69187,2008-02-03,2007/2008,22,home,Osasuna,1,0,w,Barcelona - Osasuna : 1 - 0 (2008-02-03)
69146,2008-02-09,2007/2008,23,away,Sevilla,1,1,d,Sevilla - Barcelona : 1 - 1 (2008-02-09)
69182,2008-02-16,2007/2008,24,away,Real Zaragoza,2,1,w,Real Zaragoza - Barcelona : 1 - 2 (2008-02-16)
68360,2008-02-24,2007/2008,25,home,Levante,5,1,w,Barcelona - Levante : 5 - 1 (2008-02-24)
68365,2008-03-01,2007/2008,26,away,Atlético Madrid,2,4,l,Atlético Madrid - Barcelona : 4 - 2 (2008-03-01)
68358,2008-04-12,2007/2008,32,away,Recreativo Huelva,2,2,d,Recreativo Huelva - Barcelona : 2 - 2 (2008-04-12)
68359,2008-04-19,2007/2008,33,home,Espanyol,0,0,d,Barcelona - Espanyol : 0 - 0 (2008-04-19)
69141,2008-05-04,2007/2008,35,home,Valencia,6,0,w,Barcelona - Valencia : 6 - 0 (2008-05-04)
68361,2008-05-07,2007/2008,36,away,Real Madrid,1,4,l,Real Madrid - Barcelona : 4 - 1 (2008-05-07)
68366,2008-05-11,2007/2008,37,home,Mallorca,2,3,l,Barcelona - Mallorca : 2 - 3 (2008-05-11)
69186,2008-05-17,2007/2008,38,away,Real Murcia,5,3,w,Real Murcia - Barcelona : 3 - 5 (2008-05-17)
69147,2008-08-31,2008/2009,1,away,Numancia,0,1,l,Numancia - Barcelona : 1 - 0 (2008-08-31)
69215,2008-09-13,2008/2009,2,home,Racing Santander,1,1,d,Barcelona - Racing Santander : 1 - 1 (2008-09-13)
69138,2008-09-21,2008/2009,3,away,Sporting Gijón,6,1,w,Sporting Gijón - Barcelona : 1 - 6 (2008-09-21)
69207,2008-09-24,2008/2009,4,home,Real Betis,3,2,w,Barcelona - Real Betis : 3 - 2 (2008-09-24)
69211,2008-09-27,2008/2009,5,away,Espanyol,2,1,w,Espanyol - Barcelona : 1 - 2 (2008-09-27)
69212,2008-10-04,2008/2009,6,home,Atlético Madrid,6,1,w,Barcelona - Atlético Madrid : 6 - 1 (2008-10-04)
69232,2008-10-25,2008/2009,8,home,Almería,5,0,w,Barcelona - Almería : 5 - 0 (2008-10-25)
69235,2008-11-01,2008/2009,9,away,Málaga,4,1,w,Málaga - Barcelona : 1 - 4 (2008-11-01)
69279,2008-11-08,2008/2009,10,home,Real Valladolid,6,0,w,Barcelona - Real Valladolid : 6 - 0 (2008-11-08)
69285,2008-11-16,2008/2009,11,away,Recreativo Huelva,2,0,w,Recreativo Huelva - Barcelona : 0 - 2 (2008-11-16)
69171,2008-11-29,2008/2009,13,away,Sevilla,3,0,w,Sevilla - Barcelona : 0 - 3 (2008-11-29)
69149,2008-12-06,2008/2009,14,home,Valencia,4,0,w,Barcelona - Valencia : 4 - 0 (2008-12-06)
69225,2008-12-13,2008/2009,15,home,Real Madrid,2,0,w,Barcelona - Real Madrid : 2 - 0 (2008-12-13)
69228,2008-12-21,2008/2009,16,away,Villarreal,2,1,w,Villarreal - Barcelona : 1 - 2 (2008-12-21)
69230,2009-01-11,2008/2009,18,away,Osasuna,3,2,w,Osasuna - Barcelona : 2 - 3 (2009-01-11)
69183,2009-01-17,2008/2009,19,home,Deportivo La Coruna,5,0,w,Barcelona - Deportivo La Coruna : 5 - 0 (2009-01-17)
69189,2009-01-24,2008/2009,20,home,Numancia,4,1,w,Barcelona - Numancia : 4 - 1 (2009-01-24)
69209,2009-02-01,2008/2009,21,away,Racing Santander,2,1,w,Racing Santander - Barcelona : 1 - 2 (2009-02-01)
69231,2009-02-08,2008/2009,22,home,Sporting Gijón,3,1,w,Barcelona - Sporting Gijón : 3 - 1 (2009-02-08)
69195,2009-02-14,2008/2009,23,away,Real Betis,2,2,d,Real Betis - Barcelona : 2 - 2 (2009-02-14)
69139,2009-02-21,2008/2009,24,home,Espanyol,1,2,l,Barcelona - Espanyol : 1 - 2 (2009-02-21)
69185,2009-03-01,2008/2009,25,away,Atlético Madrid,3,4,l,Atlético Madrid - Barcelona : 4 - 3 (2009-03-01)
69216,2009-03-07,2008/2009,26,home,Athletic Club,2,0,w,Barcelona - Athletic Club : 2 - 0 (2009-03-07)
69177,2009-03-15,2008/2009,27,away,Almería,2,0,w,Almería - Barcelona : 0 - 2 (2009-03-15)
69142,2009-03-22,2008/2009,28,home,Málaga,6,0,w,Barcelona - Málaga : 6 - 0 (2009-03-22)
69273,2009-04-04,2008/2009,29,away,Real Valladolid,1,0,w,Real Valladolid - Barcelona : 0 - 1 (2009-04-04)
69222,2009-04-11,2008/2009,30,home,Recreativo Huelva,2,0,w,Barcelona - Recreativo Huelva : 2 - 0 (2009-04-11)
69223,2009-04-18,2008/2009,31,away,Getafe,1,0,w,Getafe - Barcelona : 0 - 1 (2009-04-18)
69251,2009-04-25,2008/2009,33,away,Valencia,2,2,d,Valencia - Barcelona : 2 - 2 (2009-04-25)
69249,2009-05-02,2008/2009,34,away,Real Madrid,6,2,w,Real Madrid - Barcelona : 2 - 6 (2009-05-02)
69217,2009-05-10,2008/2009,35,home,Villarreal,3,3,d,Barcelona - Villarreal : 3 - 3 (2009-05-10)
69229,2009-09-12,2009/2010,2,away,Getafe,2,0,w,Getafe - Barcelona : 0 - 2 (2009-09-12)
69292,2009-09-19,2009/2010,3,home,Atlético Madrid,5,2,w,Barcelona - Atlético Madrid : 5 - 2 (2009-09-19)
69254,2009-09-22,2009/2010,4,away,Racing Santander,4,1,w,Racing Santander - Barcelona : 1 - 4 (2009-09-22)
69255,2009-09-26,2009/2010,5,away,Málaga,2,0,w,Málaga - Barcelona : 0 - 2 (2009-09-26)
69256,2009-10-03,2009/2010,6,home,Almería,1,0,w,Barcelona - Almería : 1 - 0 (2009-10-03)
69252,2009-10-17,2009/2010,7,away,Valencia,0,0,d,Valencia - Barcelona : 0 - 0 (2009-10-17)
69253,2009-10-25,2009/2010,8,home,Real Zaragoza,6,1,w,Barcelona - Real Zaragoza : 6 - 1 (2009-10-25)
69277,2009-10-31,2009/2010,9,away,Osasuna,1,1,d,Osasuna - Barcelona : 1 - 1 (2009-10-31)
69250,2009-11-07,2009/2010,10,home,Mallorca,4,2,w,Barcelona - Mallorca : 4 - 2 (2009-11-07)
69288,2009-11-21,2009/2010,11,away,Athletic Club,1,1,d,Athletic Club - Barcelona : 1 - 1 (2009-11-21)
69262,2009-11-29,2009/2010,12,home,Real Madrid,1,0,w,Barcelona - Real Madrid : 1 - 0 (2009-11-29)
69267,2009-12-02,2009/2010,15,away,Xerez,2,0,w,Xerez - Barcelona : 0 - 2 (2009-12-02)
69218,2009-12-05,2009/2010,13,away,Deportivo La Coruna,3,1,w,Deportivo La Coruna - Barcelona : 1 - 3 (2009-12-05)
69219,2010-01-10,2009/2010,17,away,Tenerife,5,0,w,Tenerife - Barcelona : 0 - 5 (2010-01-10)
69243,2010-01-16,2009/2010,18,home,Sevilla,4,0,w,Barcelona - Sevilla : 4 - 0 (2010-01-16)
69210,2010-01-23,2009/2010,19,away,Real Valladolid,3,0,w,Real Valladolid - Barcelona : 0 - 3 (2010-01-23)
69220,2010-01-30,2009/2010,20,away,Sporting Gijón,1,0,w,Sporting Gijón - Barcelona : 0 - 1 (2010-01-30)
69240,2010-02-06,2009/2010,21,home,Getafe,2,1,w,Barcelona - Getafe : 2 - 1 (2010-02-06)
69237,2010-02-14,2009/2010,22,away,Atlético Madrid,1,2,l,Atlético Madrid - Barcelona : 2 - 1 (2010-02-14)
69233,2010-02-20,2009/2010,23,home,Racing Santander,4,0,w,Barcelona - Racing Santander : 4 - 0 (2010-02-20)
69238,2010-02-27,2009/2010,24,home,Málaga,2,1,w,Barcelona - Málaga : 2 - 1 (2010-02-27)
69226,2010-03-06,2009/2010,25,away,Almería,2,2,d,Almería - Barcelona : 2 - 2 (2010-03-06)
69224,2010-03-14,2009/2010,26,home,Valencia,3,0,w,Barcelona - Valencia : 3 - 0 (2010-03-14)
69227,2010-03-21,2009/2010,27,away,Real Zaragoza,4,2,w,Real Zaragoza - Barcelona : 2 - 4 (2010-03-21)
69257,2010-03-24,2009/2010,28,home,Osasuna,2,0,w,Barcelona - Osasuna : 2 - 0 (2010-03-24)
69298,2010-03-27,2009/2010,29,away,Mallorca,1,0,w,Mallorca - Barcelona : 0 - 1 (2010-03-27)
69247,2010-04-03,2009/2010,30,home,Athletic Club,4,1,w,Barcelona - Athletic Club : 4 - 1 (2010-04-03)
69259,2010-04-10,2009/2010,31,away,Real Madrid,2,0,w,Real Madrid - Barcelona : 0 - 2 (2010-04-10)
69221,2010-04-14,2009/2010,32,home,Deportivo La Coruna,3,0,w,Barcelona - Deportivo La Coruna : 3 - 0 (2010-04-14)
69213,2010-04-17,2009/2010,33,away,Espanyol,0,0,d,Espanyol - Barcelona : 0 - 0 (2010-04-17)
69214,2010-04-24,2009/2010,34,home,Xerez,3,1,w,Barcelona - Xerez : 3 - 1 (2010-04-24)
69244,2010-05-01,2009/2010,35,away,Villarreal,4,1,w,Villarreal - Barcelona : 1 - 4 (2010-05-01)
69241,2010-05-04,2009/2010,36,home,Tenerife,4,1,w,Barcelona - Tenerife : 4 - 1 (2010-05-04)
69239,2010-05-08,2009/2010,37,away,Sevilla,3,2,w,Sevilla - Barcelona : 2 - 3 (2010-05-08)
69242,2010-05-16,2009/2010,38,home,Real Valladolid,4,0,w,Barcelona - Real Valladolid : 4 - 0 (2010-05-16)
69286,2010-08-29,2010/2011,1,away,Racing Santander,3,0,w,Racing Santander - Barcelona : 0 - 3 (2010-08-29)
69287,2010-09-11,2010/2011,2,home,Hércules,0,2,l,Barcelona - Hércules : 0 - 2 (2010-09-11)
69269,2010-09-19,2010/2011,3,away,Atlético Madrid,2,1,w,Atlético Madrid - Barcelona : 1 - 2 (2010-09-19)
69236,2010-10-03,2010/2011,6,home,Mallorca,1,1,d,Barcelona - Mallorca : 1 - 1 (2010-10-03)
69260,2010-10-16,2010/2011,7,home,Valencia,2,1,w,Barcelona - Valencia : 2 - 1 (2010-10-16)
69263,2010-10-23,2010/2011,8,away,Real Zaragoza,2,0,w,Real Zaragoza - Barcelona : 0 - 2 (2010-10-23)
69289,2010-10-30,2010/2011,9,home,Sevilla,5,0,w,Barcelona - Sevilla : 5 - 0 (2010-10-30)
69270,2010-11-07,2010/2011,10,away,Getafe,3,1,w,Getafe - Barcelona : 1 - 3 (2010-11-07)
69308,2010-11-13,2010/2011,11,home,Villarreal,3,1,w,Barcelona - Villarreal : 3 - 1 (2010-11-13)
69306,2010-11-20,2010/2011,12,away,Almería,8,0,w,Almería - Barcelona : 0 - 8 (2010-11-20)
69299,2010-11-29,2010/2011,13,home,Real Madrid,5,0,w,Barcelona - Real Madrid : 5 - 0 (2010-11-29)
69307,2010-12-04,2010/2011,14,away,Osasuna,3,0,w,Osasuna - Barcelona : 0 - 3 (2010-12-04)
69302,2010-12-12,2010/2011,15,home,Real Sociedad,5,0,w,Barcelona - Real Sociedad : 5 - 0 (2010-12-12)
69275,2010-12-18,2010/2011,16,away,Espanyol,5,1,w,Espanyol - Barcelona : 1 - 5 (2010-12-18)
69280,2011-01-08,2010/2011,18,away,Deportivo La Coruna,4,0,w,Deportivo La Coruna - Barcelona : 0 - 4 (2011-01-08)
69278,2011-01-16,2010/2011,19,home,Málaga,4,1,w,Barcelona - Málaga : 4 - 1 (2011-01-16)
69295,2011-01-22,2010/2011,20,home,Racing Santander,3,0,w,Barcelona - Racing Santander : 3 - 0 (2011-01-22)
69296,2011-01-29,2010/2011,21,away,Hércules,3,0,w,Hércules - Barcelona : 0 - 3 (2011-01-29)
69276,2011-02-05,2010/2011,22,home,Atlético Madrid,3,0,w,Barcelona - Atlético Madrid : 3 - 0 (2011-02-05)
69248,2011-02-12,2010/2011,23,away,Sporting Gijón,1,1,d,Sporting Gijón - Barcelona : 1 - 1 (2011-02-12)
69282,2011-02-20,2010/2011,24,home,Athletic Club,2,1,w,Barcelona - Athletic Club : 2 - 1 (2011-02-20)
69283,2011-02-26,2010/2011,25,away,Mallorca,3,0,w,Mallorca - Barcelona : 0 - 3 (2011-02-26)
69274,2011-03-02,2010/2011,26,away,Valencia,1,0,w,Valencia - Barcelona : 0 - 1 (2011-03-02)
69300,2011-03-05,2010/2011,27,home,Real Zaragoza,1,0,w,Barcelona - Real Zaragoza : 1 - 0 (2011-03-05)
69291,2011-03-13,2010/2011,28,away,Sevilla,1,1,d,Sevilla - Barcelona : 1 - 1 (2011-03-13)
69303,2011-03-19,2010/2011,29,home,Getafe,2,1,w,Barcelona - Getafe : 2 - 1 (2011-03-19)
69304,2011-04-02,2010/2011,30,away,Villarreal,1,0,w,Villarreal - Barcelona : 0 - 1 (2011-04-02)
69305,2011-04-09,2010/2011,31,home,Almería,3,1,w,Barcelona - Almería : 3 - 1 (2011-04-09)
69245,2011-04-16,2010/2011,32,away,Real Madrid,1,1,d,Real Madrid - Barcelona : 1 - 1 (2011-04-16)
69271,2011-04-23,2010/2011,33,home,Osasuna,2,0,w,Barcelona - Osasuna : 2 - 0 (2011-04-23)
69246,2011-04-30,2010/2011,34,away,Real Sociedad,1,2,l,Real Sociedad - Barcelona : 2 - 1 (2011-04-30)
69234,2011-05-08,2010/2011,35,home,Espanyol,2,0,w,Barcelona - Espanyol : 2 - 0 (2011-05-08)
69272,2011-05-11,2010/2011,36,away,Levante,1,1,d,Levante - Barcelona : 1 - 1 (2011-05-11)
69268,2011-08-29,2011/2012,2,home,Villarreal,5,0,w,Barcelona - Villarreal : 5 - 0 (2011-08-29)
69264,2011-09-10,2011/2012,3,away,Real Sociedad,2,2,d,Real Sociedad - Barcelona : 2 - 2 (2011-09-10)
70220,2011-09-17,2011/2012,4,home,Osasuna,8,0,w,Barcelona - Osasuna : 8 - 0 (2011-09-17)
70223,2011-09-21,2011/2012,5,away,Valencia,2,2,d,Valencia - Barcelona : 2 - 2 (2011-09-21)
69297,2011-09-24,2011/2012,6,home,Atlético Madrid,5,0,w,Barcelona - Atlético Madrid : 5 - 0 (2011-09-24)
69265,2011-10-02,2011/2012,7,away,Sporting Gijón,1,0,w,Sporting Gijón - Barcelona : 0 - 1 (2011-10-02)
69293,2011-10-15,2011/2012,8,home,Racing Santander,3,0,w,Barcelona - Racing Santander : 3 - 0 (2011-10-15)
69329,2011-10-22,2011/2012,9,home,Sevilla,0,0,d,Barcelona - Sevilla : 0 - 0 (2011-10-22)
69318,2011-10-25,2011/2012,10,away,Granada,1,0,w,Granada - Barcelona : 0 - 1 (2011-10-25)
69314,2011-10-29,2011/2012,11,home,Mallorca,5,0,w,Barcelona - Mallorca : 5 - 0 (2011-10-29)
69330,2011-11-06,2011/2012,12,away,Athletic Club,2,2,d,Athletic Club - Barcelona : 2 - 2 (2011-11-06)
69331,2011-11-19,2011/2012,13,home,Real Zaragoza,4,0,w,Barcelona - Real Zaragoza : 4 - 0 (2011-11-19)
69315,2011-11-26,2011/2012,14,away,Getafe,0,1,l,Getafe - Barcelona : 1 - 0 (2011-11-26)
69332,2011-11-29,2011/2012,17,home,Rayo Vallecano,4,0,w,Barcelona - Rayo Vallecano : 4 - 0 (2011-11-29)
69333,2011-12-03,2011/2012,15,home,Levante,5,0,w,Barcelona - Levante : 5 - 0 (2011-12-03)
69334,2011-12-10,2011/2012,16,away,Real Madrid,3,1,w,Real Madrid - Barcelona : 1 - 3 (2011-12-10)
69312,2012-01-08,2011/2012,18,away,Espanyol,1,1,d,Espanyol - Barcelona : 1 - 1 (2012-01-08)
69327,2012-01-15,2011/2012,19,home,Real Betis,4,2,w,Barcelona - Real Betis : 4 - 2 (2012-01-15)
69335,2012-01-22,2011/2012,1,away,Málaga,4,1,w,Málaga - Barcelona : 1 - 4 (2012-01-22)
69338,2012-01-28,2011/2012,21,away,Villarreal,0,0,d,Villarreal - Barcelona : 0 - 0 (2012-01-28)
69316,2012-02-04,2011/2012,22,home,Real Sociedad,2,1,w,Barcelona - Real Sociedad : 2 - 1 (2012-02-04)
69336,2012-02-11,2011/2012,23,away,Osasuna,2,3,l,Osasuna - Barcelona : 3 - 2 (2012-02-11)
69328,2012-02-19,2011/2012,24,home,Valencia,5,1,w,Barcelona - Valencia : 5 - 1 (2012-02-19)
69337,2012-02-26,2011/2012,25,away,Atlético Madrid,2,1,w,Atlético Madrid - Barcelona : 1 - 2 (2012-02-26)
69322,2012-03-11,2011/2012,27,away,Racing Santander,2,0,w,Racing Santander - Barcelona : 0 - 2 (2012-03-11)
69326,2012-03-17,2011/2012,28,away,Sevilla,2,0,w,Sevilla - Barcelona : 0 - 2 (2012-03-17)
70225,2012-03-20,2011/2012,29,home,Granada,5,3,w,Barcelona - Granada : 5 - 3 (2012-03-20)
69325,2012-03-24,2011/2012,30,away,Mallorca,2,0,w,Mallorca - Barcelona : 0 - 2 (2012-03-24)
69323,2012-03-31,2011/2012,31,home,Athletic Club,2,0,w,Barcelona - Athletic Club : 2 - 0 (2012-03-31)
70219,2012-04-07,2011/2012,32,away,Real Zaragoza,4,1,w,Real Zaragoza - Barcelona : 1 - 4 (2012-04-07)
69343,2012-04-10,2011/2012,33,home,Getafe,4,0,w,Barcelona - Getafe : 4 - 0 (2012-04-10)
70221,2012-04-14,2011/2012,34,away,Levante,2,1,w,Levante - Barcelona : 1 - 2 (2012-04-14)
69324,2012-04-21,2011/2012,35,home,Real Madrid,1,2,l,Barcelona - Real Madrid : 1 - 2 (2012-04-21)
70224,2012-04-29,2011/2012,36,away,Rayo Vallecano,7,0,w,Rayo Vallecano - Barcelona : 0 - 7 (2012-04-29)
69340,2012-05-02,2011/2012,20,home,Málaga,4,1,w,Barcelona - Málaga : 4 - 1 (2012-05-02)
69320,2012-05-05,2011/2012,37,home,Espanyol,4,0,w,Barcelona - Espanyol : 4 - 0 (2012-05-05)
69319,2012-05-12,2011/2012,38,away,Real Betis,2,2,d,Real Betis - Barcelona : 2 - 2 (2012-05-12)
70259,2012-08-19,2012/2013,1,home,Real Sociedad,5,1,w,Barcelona - Real Sociedad : 5 - 1 (2012-08-19)
70262,2012-08-26,2012/2013,2,away,Osasuna,2,1,w,Osasuna - Barcelona : 1 - 2 (2012-08-26)
70286,2012-09-02,2012/2013,3,home,Valencia,1,0,w,Barcelona - Valencia : 1 - 0 (2012-09-02)
70292,2012-09-15,2012/2013,4,away,Getafe,4,1,w,Getafe - Barcelona : 1 - 4 (2012-09-15)
70270,2012-09-22,2012/2013,5,home,Granada,2,0,w,Barcelona - Granada : 2 - 0 (2012-09-22)
70275,2012-09-29,2012/2013,6,away,Sevilla,3,2,w,Sevilla - Barcelona : 2 - 3 (2012-09-29)
70300,2012-10-07,2012/2013,7,home,Real Madrid,2,2,d,Barcelona - Real Madrid : 2 - 2 (2012-10-07)
70304,2012-10-20,2012/2013,8,away,Deportivo La Coruna,5,4,w,Deportivo La Coruna - Barcelona : 4 - 5 (2012-10-20)
70276,2012-10-27,2012/2013,9,away,Rayo Vallecano,5,0,w,Rayo Vallecano - Barcelona : 0 - 5 (2012-10-27)
70308,2012-11-03,2012/2013,10,home,Celta Vigo,3,1,w,Barcelona - Celta Vigo : 3 - 1 (2012-11-03)
266724,2012-11-11,2012/2013,11,away,Mallorca,4,2,w,Mallorca - Barcelona : 2 - 4 (2012-11-11)
70309,2012-11-17,2012/2013,12,home,Real Zaragoza,3,1,w,Barcelona - Real Zaragoza : 3 - 1 (2012-11-17)
70280,2012-11-25,2012/2013,13,away,Levante,4,0,w,Levante - Barcelona : 0 - 4 (2012-11-25)
70263,2012-12-01,2012/2013,14,home,Athletic Club,5,1,w,Barcelona - Athletic Club : 5 - 1 (2012-12-01)
70295,2012-12-09,2012/2013,15,away,Real Betis,2,1,w,Real Betis - Barcelona : 1 - 2 (2012-12-09)
70296,2012-12-16,2012/2013,16,home,Atlético Madrid,4,1,w,Barcelona - Atlético Madrid : 4 - 1 (2012-12-16)
266015,2012-12-22,2012/2013,17,away,Real Valladolid,3,1,w,Real Valladolid - Barcelona : 1 - 3 (2012-12-22)
266433,2013-01-06,2012/2013,18,home,Espanyol,4,0,w,Barcelona - Espanyol : 4 - 0 (2013-01-06)
266827,2013-01-13,2012/2013,19,away,Málaga,3,1,w,Málaga - Barcelona : 1 - 3 (2013-01-13)
70287,2013-01-19,2012/2013,20,away,Real Sociedad,2,3,l,Real Sociedad - Barcelona : 3 - 2 (2013-01-19)
70260,2013-01-27,2012/2013,21,home,Osasuna,5,1,w,Barcelona - Osasuna : 5 - 1 (2013-01-27)
70282,2013-02-03,2012/2013,22,away,Valencia,1,1,d,Valencia - Barcelona : 1 - 1 (2013-02-03)
70297,2013-02-10,2012/2013,23,home,Getafe,6,1,w,Barcelona - Getafe : 6 - 1 (2013-02-10)
70294,2013-02-16,2012/2013,24,away,Granada,2,1,w,Granada - Barcelona : 1 - 2 (2013-02-16)
70271,2013-02-23,2012/2013,25,home,Sevilla,2,1,w,Barcelona - Sevilla : 2 - 1 (2013-02-23)
70272,2013-03-02,2012/2013,26,away,Real Madrid,1,2,l,Real Madrid - Barcelona : 2 - 1 (2013-03-02)
70305,2013-03-09,2012/2013,27,home,Deportivo La Coruna,2,0,w,Barcelona - Deportivo La Coruna : 2 - 0 (2013-03-09)
70307,2013-03-17,2012/2013,28,home,Rayo Vallecano,3,1,w,Barcelona - Rayo Vallecano : 3 - 1 (2013-03-17)
70256,2013-03-30,2012/2013,29,away,Celta Vigo,2,2,d,Celta Vigo - Barcelona : 2 - 2 (2013-03-30)
267502,2013-04-27,2012/2013,33,away,Athletic Club,2,2,d,Athletic Club - Barcelona : 2 - 2 (2013-04-27)
70281,2013-05-05,2012/2013,34,home,Real Betis,4,2,w,Barcelona - Real Betis : 4 - 2 (2013-05-05)
70284,2013-05-12,2012/2013,35,away,Atlético Madrid,2,1,w,Atlético Madrid - Barcelona : 1 - 2 (2013-05-12)
70277,2013-08-18,2013/2014,1,home,Levante,7,0,w,Barcelona - Levante : 7 - 0 (2013-08-18)
70298,2013-09-01,2013/2014,3,away,Valencia,3,2,w,Valencia - Barcelona : 2 - 3 (2013-09-01)
70301,2013-09-14,2013/2014,4,home,Sevilla,3,2,w,Barcelona - Sevilla : 3 - 2 (2013-09-14)
70302,2013-09-21,2013/2014,5,away,Rayo Vallecano,4,0,w,Rayo Vallecano - Barcelona : 0 - 4 (2013-09-21)
267520,2013-09-24,2013/2014,6,home,Real Sociedad,4,1,w,Barcelona - Real Sociedad : 4 - 1 (2013-09-24)
266420,2013-09-28,2013/2014,7,away,Almería,2,0,w,Almería - Barcelona : 0 - 2 (2013-09-28)
266462,2013-10-19,2013/2014,9,away,Osasuna,0,0,d,Osasuna - Barcelona : 0 - 0 (2013-10-19)
70293,2013-10-26,2013/2014,10,home,Real Madrid,2,1,w,Barcelona - Real Madrid : 2 - 1 (2013-10-26)
267192,2013-10-29,2013/2014,11,away,Celta Vigo,3,0,w,Celta Vigo - Barcelona : 0 - 3 (2013-10-29)
70283,2013-11-01,2013/2014,12,home,Espanyol,1,0,w,Barcelona - Espanyol : 1 - 0 (2013-11-01)
266883,2013-11-10,2013/2014,13,away,Real Betis,4,1,w,Real Betis - Barcelona : 1 - 4 (2013-11-10)
265830,2014-01-11,2013/2014,19,away,Atlético Madrid,0,0,d,Atlético Madrid - Barcelona : 0 - 0 (2014-01-11)
70288,2014-01-19,2013/2014,20,away,Levante,1,1,d,Levante - Barcelona : 1 - 1 (2014-01-19)
70291,2014-01-26,2013/2014,21,home,Málaga,3,0,w,Barcelona - Málaga : 3 - 0 (2014-01-26)
266613,2014-02-01,2013/2014,22,home,Valencia,2,3,l,Barcelona - Valencia : 2 - 3 (2014-02-01)
267675,2014-02-09,2013/2014,23,away,Sevilla,4,1,w,Sevilla - Barcelona : 1 - 4 (2014-02-09)
265918,2014-02-15,2013/2014,24,home,Rayo Vallecano,6,0,w,Barcelona - Rayo Vallecano : 6 - 0 (2014-02-15)
265837,2014-02-22,2013/2014,25,away,Real Sociedad,1,3,l,Real Sociedad - Barcelona : 3 - 1 (2014-02-22)
266066,2014-03-02,2013/2014,26,home,Almería,4,1,w,Barcelona - Almería : 4 - 1 (2014-03-02)
266603,2014-03-08,2013/2014,27,away,Real Valladolid,0,1,l,Real Valladolid - Barcelona : 1 - 0 (2014-03-08)
266074,2014-03-16,2013/2014,28,home,Osasuna,7,0,w,Barcelona - Osasuna : 7 - 0 (2014-03-16)
265857,2014-03-23,2013/2014,29,away,Real Madrid,4,3,w,Real Madrid - Barcelona : 3 - 4 (2014-03-23)
266274,2014-03-26,2013/2014,30,home,Celta Vigo,3,0,w,Barcelona - Celta Vigo : 3 - 0 (2014-03-26)
70306,2014-03-29,2013/2014,31,away,Espanyol,1,0,w,Espanyol - Barcelona : 0 - 1 (2014-03-29)
267368,2014-04-05,2013/2014,32,home,Real Betis,3,1,w,Barcelona - Real Betis : 3 - 1 (2014-04-05)
267138,2014-04-12,2013/2014,33,away,Granada,0,1,l,Granada - Barcelona : 1 - 0 (2014-04-12)
267567,2014-04-20,2013/2014,34,home,Athletic Club,2,1,w,Barcelona - Athletic Club : 2 - 1 (2014-04-20)
70289,2014-04-27,2013/2014,35,away,Villarreal,3,2,w,Villarreal - Barcelona : 2 - 3 (2014-04-27)
266491,2014-05-03,2013/2014,36,home,Getafe,2,2,d,Barcelona - Getafe : 2 - 2 (2014-05-03)
266201,2014-05-11,2013/2014,37,away,Elche,0,0,d,Elche - Barcelona : 0 - 0 (2014-05-11)
266256,2014-05-17,2013/2014,38,home,Atlético Madrid,1,1,d,Barcelona - Atlético Madrid : 1 - 1 (2014-05-17)
266921,2014-08-24,2014/2015,1,home,Elche,3,0,w,Barcelona - Elche : 3 - 0 (2014-08-24)
266406,2014-08-31,2014/2015,2,away,Villarreal,1,0,w,Villarreal - Barcelona : 0 - 1 (2014-08-31)
70273,2014-09-13,2014/2015,3,home,Athletic Club,2,0,w,Barcelona - Athletic Club : 2 - 0 (2014-09-13)
266770,2014-09-21,2014/2015,4,away,Levante,5,0,w,Levante - Barcelona : 0 - 5 (2014-09-21)
266838,2014-09-24,2014/2015,5,away,Málaga,0,0,d,Málaga - Barcelona : 0 - 0 (2014-09-24)
266117,2014-09-27,2014/2015,6,home,Granada,6,0,w,Barcelona - Granada : 6 - 0 (2014-09-27)
267561,2014-10-04,2014/2015,7,away,Rayo Vallecano,2,0,w,Rayo Vallecano - Barcelona : 0 - 2 (2014-10-04)
265896,2014-10-18,2014/2015,8,home,Eibar,3,0,w,Barcelona - Eibar : 3 - 0 (2014-10-18)
267085,2014-10-25,2014/2015,9,away,Real Madrid,1,3,l,Real Madrid - Barcelona : 3 - 1 (2014-10-25)
267301,2014-11-01,2014/2015,10,home,Celta Vigo,0,1,l,Barcelona - Celta Vigo : 0 - 1 (2014-11-01)
267499,2014-11-08,2014/2015,11,away,Almería,2,1,w,Almería - Barcelona : 1 - 2 (2014-11-08)
265835,2014-11-22,2014/2015,12,home,Sevilla,5,1,w,Barcelona - Sevilla : 5 - 1 (2014-11-22)
266560,2014-11-30,2014/2015,13,away,Valencia,1,0,w,Valencia - Barcelona : 0 - 1 (2014-11-30)
266320,2014-12-07,2014/2015,14,home,Espanyol,5,1,w,Barcelona - Espanyol : 5 - 1 (2014-12-07)
70264,2014-12-13,2014/2015,15,away,Getafe,0,0,d,Getafe - Barcelona : 0 - 0 (2014-12-13)
266846,2014-12-20,2014/2015,16,home,Córdoba,5,0,w,Barcelona - Córdoba : 5 - 0 (2014-12-20)
266240,2015-01-04,2014/2015,17,away,Real Sociedad,0,1,l,Real Sociedad - Barcelona : 1 - 0 (2015-01-04)
70303,2015-01-11,2014/2015,18,home,Atlético Madrid,3,1,w,Barcelona - Atlético Madrid : 3 - 1 (2015-01-11)
266230,2015-01-18,2014/2015,19,away,Deportivo La Coruna,4,0,w,Deportivo La Coruna - Barcelona : 0 - 4 (2015-01-18)
266794,2015-01-24,2014/2015,20,away,Elche,6,0,w,Elche - Barcelona : 0 - 6 (2015-01-24)
267597,2015-02-01,2014/2015,21,home,Villarreal,3,2,w,Barcelona - Villarreal : 3 - 2 (2015-02-01)
266871,2015-02-08,2014/2015,22,away,Athletic Club,5,2,w,Athletic Club - Barcelona : 2 - 5 (2015-02-08)
266741,2015-02-15,2014/2015,23,home,Levante,5,0,w,Barcelona - Levante : 5 - 0 (2015-02-15)
266148,2015-02-21,2014/2015,24,home,Málaga,0,1,l,Barcelona - Málaga : 0 - 1 (2015-02-21)
267343,2015-02-28,2014/2015,25,away,Granada,3,1,w,Granada - Barcelona : 1 - 3 (2015-02-28)
266916,2015-03-08,2014/2015,26,home,Rayo Vallecano,6,1,w,Barcelona - Rayo Vallecano : 6 - 1 (2015-03-08)
266967,2015-03-14,2014/2015,27,away,Eibar,2,0,w,Eibar - Barcelona : 0 - 2 (2015-03-14)
267183,2015-03-22,2014/2015,28,home,Real Madrid,2,1,w,Barcelona - Real Madrid : 2 - 1 (2015-03-22)
266929,2015-04-05,2014/2015,29,away,Celta Vigo,1,0,w,Celta Vigo - Barcelona : 0 - 1 (2015-04-05)
267400,2015-04-08,2014/2015,30,home,Almería,4,0,w,Barcelona - Almería : 4 - 0 (2015-04-08)
266142,2015-04-11,2014/2015,31,away,Sevilla,2,2,d,Sevilla - Barcelona : 2 - 2 (2015-04-11)
266525,2015-04-18,2014/2015,32,home,Valencia,2,0,w,Barcelona - Valencia : 2 - 0 (2015-04-18)
266531,2015-04-25,2014/2015,33,away,Espanyol,2,0,w,Espanyol - Barcelona : 0 - 2 (2015-04-25)
265963,2015-04-28,2014/2015,34,home,Getafe,6,0,w,Barcelona - Getafe : 6 - 0 (2015-04-28)
265866,2015-05-02,2014/2015,35,away,Córdoba,8,0,w,Córdoba - Barcelona : 0 - 8 (2015-05-02)
266045,2015-05-09,2014/2015,36,home,Real Sociedad,2,0,w,Barcelona - Real Sociedad : 2 - 0 (2015-05-09)
266631,2015-05-17,2014/2015,37,away,Atlético Madrid,1,0,w,Atlético Madrid - Barcelona : 0 - 1 (2015-05-17)
267197,2015-05-23,2014/2015,38,home,Deportivo La Coruna,2,2,d,Barcelona - Deportivo La Coruna : 2 - 2 (2015-05-23)
266236,2015-08-23,2015/2016,1,away,Athletic Club,1,0,w,Athletic Club - Barcelona : 0 - 1 (2015-08-23)
267422,2015-08-29,2015/2016,2,home,Málaga,1,0,w,Barcelona - Málaga : 1 - 0 (2015-08-29)
266166,2015-09-12,2015/2016,3,away,Atlético Madrid,2,1,w,Atlético Madrid - Barcelona : 1 - 2 (2015-09-12)
266490,2015-09-20,2015/2016,4,home,Levante,4,1,w,Barcelona - Levante : 4 - 1 (2015-09-20)
266467,2015-09-23,2015/2016,5,away,Celta Vigo,1,4,l,Celta Vigo - Barcelona : 4 - 1 (2015-09-23)
267611,2015-09-26,2015/2016,6,home,Las Palmas,2,1,w,Barcelona - Las Palmas : 2 - 1 (2015-09-26)
266424,2015-11-21,2015/2016,12,away,Real Madrid,4,0,w,Real Madrid - Barcelona : 0 - 4 (2015-11-21)
266885,2015-11-28,2015/2016,13,home,Real Sociedad,4,0,w,Barcelona - Real Sociedad : 4 - 0 (2015-11-28)
267274,2015-12-05,2015/2016,14,away,Valencia,1,1,d,Valencia - Barcelona : 1 - 1 (2015-12-05)
266961,2015-12-12,2015/2016,15,home,Deportivo La Coruna,2,2,d,Barcelona - Deportivo La Coruna : 2 - 2 (2015-12-12)
267327,2015-12-30,2015/2016,17,home,Real Betis,4,0,w,Barcelona - Real Betis : 4 - 0 (2015-12-30)
266670,2016-01-02,2015/2016,18,away,Espanyol,0,0,d,Espanyol - Barcelona : 0 - 0 (2016-01-02)
266620,2016-01-09,2015/2016,19,home,Granada,4,0,w,Barcelona - Granada : 4 - 0 (2016-01-09)
266149,2016-01-17,2015/2016,20,home,Athletic Club,6,0,w,Barcelona - Athletic Club : 6 - 0 (2016-01-17)
265894,2016-01-23,2015/2016,21,away,Málaga,2,1,w,Málaga - Barcelona : 1 - 2 (2016-01-23)
267576,2016-01-30,2015/2016,22,home,Atlético Madrid,2,1,w,Barcelona - Atlético Madrid : 2 - 1 (2016-01-30)
266160,2016-02-07,2015/2016,23,away,Levante,2,0,w,Levante - Barcelona : 0 - 2 (2016-02-07)
266254,2016-02-14,2015/2016,24,home,Celta Vigo,6,1,w,Barcelona - Celta Vigo : 6 - 1 (2016-02-14)
266815,2016-02-17,2015/2016,16,away,Sporting Gijón,3,1,w,Sporting Gijón - Barcelona : 1 - 3 (2016-02-17)
267273,2016-02-20,2015/2016,25,away,Las Palmas,2,1,w,Las Palmas - Barcelona : 1 - 2 (2016-02-20)
265839,2016-02-28,2015/2016,26,home,Sevilla,2,1,w,Barcelona - Sevilla : 2 - 1 (2016-02-28)
266653,2016-03-03,2015/2016,27,away,Rayo Vallecano,5,1,w,Rayo Vallecano - Barcelona : 1 - 5 (2016-03-03)
266056,2016-03-06,2015/2016,28,away,Eibar,4,0,w,Eibar - Barcelona : 0 - 4 (2016-03-06)
266498,2016-03-12,2015/2016,29,home,Getafe,6,0,w,Barcelona - Getafe : 6 - 0 (2016-03-12)
266106,2016-03-20,2015/2016,30,away,Villarreal,2,2,d,Villarreal - Barcelona : 2 - 2 (2016-03-20)
267533,2016-04-02,2015/2016,31,home,Real Madrid,1,2,l,Barcelona - Real Madrid : 1 - 2 (2016-04-02)
266664,2016-04-09,2015/2016,32,away,Real Sociedad,0,1,l,Real Sociedad - Barcelona : 1 - 0 (2016-04-09)
266557,2016-04-17,2015/2016,33,home,Valencia,1,2,l,Barcelona - Valencia : 1 - 2 (2016-04-17)
266310,2016-04-20,2015/2016,34,away,Deportivo La Coruna,8,0,w,Deportivo La Coruna - Barcelona : 0 - 8 (2016-04-20)
265944,2016-04-23,2015/2016,35,home,Sporting Gijón,6,0,w,Barcelona - Sporting Gijón : 6 - 0 (2016-04-23)
266986,2016-04-30,2015/2016,36,away,Real Betis,2,0,w,Real Betis - Barcelona : 0 - 2 (2016-04-30)
265958,2016-05-08,2015/2016,37,home,Espanyol,5,0,w,Barcelona - Espanyol : 5 - 0 (2016-05-08)
267506,2016-05-14,2015/2016,38,away,Granada,3,0,w,Granada - Barcelona : 0 - 3 (2016-05-14)
267670,2016-08-20,2016/2017,1,home,Real Betis,6,2,w,Barcelona - Real Betis : 6 - 2 (2016-08-20)
266892,2016-08-28,2016/2017,2,away,Athletic Club,1,0,w,Athletic Club - Barcelona : 0 - 1 (2016-08-28)
266669,2016-09-10,2016/2017,3,home,Deportivo Alavés,1,2,l,Barcelona - Deportivo Alavés : 1 - 2 (2016-09-10)
267212,2016-09-17,2016/2017,4,away,Leganés,5,1,w,Leganés - Barcelona : 1 - 5 (2016-09-17)
267220,2016-09-21,2016/2017,5,home,Atlético Madrid,1,1,d,Barcelona - Atlético Madrid : 1 - 1 (2016-09-21)
267492,2016-10-15,2016/2017,8,home,Deportivo La Coruna,4,0,w,Barcelona - Deportivo La Coruna : 4 - 0 (2016-10-15)
266033,2016-10-22,2016/2017,9,away,Valencia,3,2,w,Valencia - Barcelona : 2 - 3 (2016-10-22)
267058,2016-10-29,2016/2017,10,home,Granada,1,0,w,Barcelona - Granada : 1 - 0 (2016-10-29)
266989,2016-11-06,2016/2017,11,away,Sevilla,2,1,w,Sevilla - Barcelona : 1 - 2 (2016-11-06)
266191,2016-11-27,2016/2017,13,away,Real Sociedad,1,1,d,Real Sociedad - Barcelona : 1 - 1 (2016-11-27)
267076,2016-12-03,2016/2017,14,home,Real Madrid,1,1,d,Barcelona - Real Madrid : 1 - 1 (2016-12-03)
266357,2016-12-10,2016/2017,15,away,Osasuna,3,0,w,Osasuna - Barcelona : 0 - 3 (2016-12-10)
266528,2016-12-18,2016/2017,16,home,Espanyol,4,1,w,Barcelona - Espanyol : 4 - 1 (2016-12-18)
266477,2017-01-08,2016/2017,17,away,Villarreal,1,1,d,Villarreal - Barcelona : 1 - 1 (2017-01-08)
267395,2017-01-14,2016/2017,18,home,Las Palmas,5,0,w,Barcelona - Las Palmas : 5 - 0 (2017-01-14)
266731,2017-01-22,2016/2017,19,away,Eibar,4,0,w,Eibar - Barcelona : 0 - 4 (2017-01-22)
266516,2017-01-29,2016/2017,20,away,Real Betis,1,1,d,Real Betis - Barcelona : 1 - 1 (2017-01-29)
266874,2017-02-04,2016/2017,21,home,Athletic Club,3,0,w,Barcelona - Athletic Club : 3 - 0 (2017-02-04)
266273,2017-02-11,2016/2017,22,away,Deportivo Alavés,6,0,w,Deportivo Alavés - Barcelona : 0 - 6 (2017-02-11)
267596,2017-02-19,2016/2017,23,home,Leganés,2,1,w,Barcelona - Leganés : 2 - 1 (2017-02-19)
267464,2017-02-26,2016/2017,24,away,Atlético Madrid,2,1,w,Atlético Madrid - Barcelona : 1 - 2 (2017-02-26)
265952,2017-03-01,2016/2017,25,home,Sporting Gijón,6,1,w,Barcelona - Sporting Gijón : 6 - 1 (2017-03-01)
266299,2017-03-04,2016/2017,26,home,Celta Vigo,5,0,w,Barcelona - Celta Vigo : 5 - 0 (2017-03-04)
267660,2017-03-12,2016/2017,27,away,Deportivo La Coruna,1,2,l,Deportivo La Coruna - Barcelona : 2 - 1 (2017-03-12)
266440,2017-03-19,2016/2017,28,home,Valencia,4,2,w,Barcelona - Valencia : 4 - 2 (2017-03-19)
266280,2017-04-05,2016/2017,30,home,Sevilla,3,0,w,Barcelona - Sevilla : 3 - 0 (2017-04-05)
267590,2017-04-08,2016/2017,31,away,Málaga,0,2,l,Málaga - Barcelona : 2 - 0 (2017-04-08)
267373,2017-04-15,2016/2017,32,home,Real Sociedad,3,2,w,Barcelona - Real Sociedad : 3 - 2 (2017-04-15)
267569,2017-04-23,2016/2017,33,away,Real Madrid,3,2,w,Real Madrid - Barcelona : 2 - 3 (2017-04-23)
267101,2017-04-26,2016/2017,34,home,Osasuna,7,1,w,Barcelona - Osasuna : 7 - 1 (2017-04-26)
267077,2017-04-29,2016/2017,35,away,Espanyol,3,0,w,Espanyol - Barcelona : 0 - 3 (2017-04-29)
266952,2017-05-06,2016/2017,36,home,Villarreal,4,1,w,Barcelona - Villarreal : 4 - 1 (2017-05-06)
267039,2017-05-14,2016/2017,37,away,Las Palmas,4,1,w,Las Palmas - Barcelona : 1 - 4 (2017-05-14)
267432,2017-05-21,2016/2017,38,home,Eibar,4,2,w,Barcelona - Eibar : 4 - 2 (2017-05-21)
9575,2017-08-20,2017/2018,1,home,Real Betis,2,0,w,Barcelona - Real Betis : 2 - 0 (2017-08-20)
9581,2017-08-26,2017/2018,2,away,Deportivo Alavés,2,0,w,Deportivo Alavés - Barcelona : 0 - 2 (2017-08-26)
9592,2017-09-09,2017/2018,3,home,Espanyol,5,0,w,Barcelona - Espanyol : 5 - 0 (2017-09-09)
9602,2017-09-16,2017/2018,4,away,Getafe,2,1,w,Getafe - Barcelona : 1 - 2 (2017-09-16)
9609,2017-09-19,2017/2018,5,home,Eibar,6,1,w,Barcelona - Eibar : 6 - 1 (2017-09-19)
9620,2017-09-23,2017/2018,6,away,Girona,3,0,w,Girona - Barcelona : 0 - 3 (2017-09-23)
9636,2017-10-01,2017/2018,7,home,Las Palmas,3,0,w,Barcelona - Las Palmas : 3 - 0 (2017-10-01)
9642,2017-10-14,2017/2018,8,away,Atlético Madrid,1,1,d,Atlético Madrid - Barcelona : 1 - 1 (2017-10-14)
9650,2017-10-21,2017/2018,9,home,Málaga,2,0,w,Barcelona - Málaga : 2 - 0 (2017-10-21)
9661,2017-10-28,2017/2018,10,away,Athletic Club,2,0,w,Athletic Club - Barcelona : 0 - 2 (2017-10-28)
9673,2017-11-04,2017/2018,11,home,Sevilla,2,1,w,Barcelona - Sevilla : 2 - 1 (2017-11-04)
9682,2017-11-18,2017/2018,12,away,Leganés,3,0,w,Leganés - Barcelona : 0 - 3 (2017-11-18)
9695,2017-11-26,2017/2018,13,away,Valencia,1,1,d,Valencia - Barcelona : 1 - 1 (2017-11-26)
9700,2017-12-02,2017/2018,14,home,Celta Vigo,2,2,d,Barcelona - Celta Vigo : 2 - 2 (2017-12-02)
9717,2017-12-10,2017/2018,15,away,Villarreal,2,0,w,Villarreal - Barcelona : 0 - 2 (2017-12-10)
9726,2017-12-17,2017/2018,16,home,Deportivo La Coruna,4,0,w,Barcelona - Deportivo La Coruna : 4 - 0 (2017-12-17)
9736,2017-12-23,2017/2018,17,away,Real Madrid,3,0,w,Real Madrid - Barcelona : 0 - 3 (2017-12-23)
9742,2018-01-07,2017/2018,18,home,Levante,3,0,w,Barcelona - Levante : 3 - 0 (2018-01-07)
9754,2018-01-14,2017/2018,19,away,Real Sociedad,4,2,w,Real Sociedad - Barcelona : 2 - 4 (2018-01-14)
9765,2018-01-21,2017/2018,20,away,Real Betis,5,0,w,Real Betis - Barcelona : 0 - 5 (2018-01-21)
9774,2018-01-28,2017/2018,21,home,Deportivo Alavés,2,1,w,Barcelona - Deportivo Alavés : 2 - 1 (2018-01-28)
9783,2018-02-04,2017/2018,22,away,Espanyol,1,1,d,Espanyol - Barcelona : 1 - 1 (2018-02-04)
9794,2018-02-11,2017/2018,23,home,Getafe,0,0,d,Barcelona - Getafe : 0 - 0 (2018-02-11)
9799,2018-02-17,2017/2018,24,away,Eibar,2,0,w,Eibar - Barcelona : 0 - 2 (2018-02-17)
9811,2018-02-24,2017/2018,25,home,Girona,6,1,w,Barcelona - Girona : 6 - 1 (2018-02-24)
9827,2018-03-01,2017/2018,26,away,Las Palmas,1,1,d,Las Palmas - Barcelona : 1 - 1 (2018-03-01)
9837,2018-03-04,2017/2018,27,home,Atlético Madrid,1,0,w,Barcelona - Atlético Madrid : 1 - 0 (2018-03-04)
9855,2018-03-18,2017/2018,29,home,Athletic Club,2,0,w,Barcelona - Athletic Club : 2 - 0 (2018-03-18)
9860,2018-03-31,2017/2018,30,away,Sevilla,2,2,d,Sevilla - Barcelona : 2 - 2 (2018-03-31)
9870,2018-04-07,2017/2018,31,home,Leganés,3,1,w,Barcelona - Leganés : 3 - 1 (2018-04-07)
9880,2018-04-14,2017/2018,32,home,Valencia,2,1,w,Barcelona - Valencia : 2 - 1 (2018-04-14)
9889,2018-04-17,2017/2018,33,away,Celta Vigo,2,2,d,Celta Vigo - Barcelona : 2 - 2 (2018-04-17)
9912,2018-04-29,2017/2018,35,away,Deportivo La Coruna,4,2,w,Deportivo La Coruna - Barcelona : 2 - 4 (2018-04-29)
9924,2018-05-06,2017/2018,36,home,Real Madrid,2,2,d,Barcelona - Real Madrid : 2 - 2 (2018-05-06)
9928,2018-05-09,2017/2018,34,home,Villarreal,5,1,w,Barcelona - Villarreal : 5 - 1 (2018-05-09)
9948,2018-05-20,2017/2018,38,home,Real Sociedad,1,0,w,Barcelona - Real Sociedad : 1 - 0 (2018-05-20)
15946,2018-08-18,2018/2019,1,home,Deportivo Alavés,3,0,w,Barcelona - Deportivo Alavés : 3 - 0 (2018-08-18)
15956,2018-08-25,2018/2019,2,away,Real Valladolid,1,0,w,Real Valladolid - Barcelona : 0 - 1 (2018-08-25)
15973,2018-09-02,2018/2019,3,home,Huesca,8,2,w,Barcelona - Huesca : 8 - 2 (2018-09-02)
15978,2018-09-15,2018/2019,4,away,Real Sociedad,2,1,w,Real Sociedad - Barcelona : 1 - 2 (2018-09-15)
15986,2018-09-23,2018/2019,5,home,Girona,2,2,d,Barcelona - Girona : 2 - 2 (2018-09-23)
15998,2018-09-26,2018/2019,6,away,Leganés,1,2,l,Leganés - Barcelona : 2 - 1 (2018-09-26)
16010,2018-09-29,2018/2019,7,home,Athletic Club,1,1,d,Barcelona - Athletic Club : 1 - 1 (2018-09-29)
16023,2018-10-07,2018/2019,8,away,Valencia,1,1,d,Valencia - Barcelona : 1 - 1 (2018-10-07)
16029,2018-10-20,2018/2019,9,home,Sevilla,4,2,w,Barcelona - Sevilla : 4 - 2 (2018-10-20)
16056,2018-11-11,2018/2019,12,home,Real Betis,3,4,l,Barcelona - Real Betis : 3 - 4 (2018-11-11)
16073,2018-11-24,2018/2019,13,away,Atlético Madrid,1,1,d,Atlético Madrid - Barcelona : 1 - 1 (2018-11-24)
16079,2018-12-02,2018/2019,14,home,Villarreal,2,0,w,Barcelona - Villarreal : 2 - 0 (2018-12-02)
16086,2018-12-08,2018/2019,15,away,Espanyol,4,0,w,Espanyol - Barcelona : 0 - 4 (2018-12-08)
16095,2018-12-16,2018/2019,16,away,Levante,5,0,w,Levante - Barcelona : 0 - 5 (2018-12-16)
16109,2018-12-22,2018/2019,17,home,Celta Vigo,2,0,w,Barcelona - Celta Vigo : 2 - 0 (2018-12-22)
16120,2019-01-06,2018/2019,18,away,Getafe,2,1,w,Getafe - Barcelona : 1 - 2 (2019-01-06)
16131,2019-01-13,2018/2019,19,home,Eibar,3,0,w,Barcelona - Eibar : 3 - 0 (2019-01-13)
16136,2019-01-20,2018/2019,20,home,Leganés,3,1,w,Barcelona - Leganés : 3 - 1 (2019-01-20)
16149,2019-01-27,2018/2019,21,away,Girona,2,0,w,Girona - Barcelona : 0 - 2 (2019-01-27)
16157,2019-02-02,2018/2019,22,home,Valencia,2,2,d,Barcelona - Valencia : 2 - 2 (2019-02-02)
16173,2019-02-10,2018/2019,23,away,Athletic Club,0,0,d,Athletic Club - Barcelona : 0 - 0 (2019-02-10)
16182,2019-02-16,2018/2019,24,home,Real Valladolid,1,0,w,Barcelona - Real Valladolid : 1 - 0 (2019-02-16)
16190,2019-02-23,2018/2019,25,away,Sevilla,4,2,w,Sevilla - Barcelona : 2 - 4 (2019-02-23)
16196,2019-03-02,2018/2019,26,away,Real Madrid,1,0,w,Real Madrid - Barcelona : 0 - 1 (2019-03-02)
16205,2019-03-09,2018/2019,27,home,Rayo Vallecano,3,1,w,Barcelona - Rayo Vallecano : 3 - 1 (2019-03-09)
16215,2019-03-17,2018/2019,28,away,Real Betis,4,1,w,Real Betis - Barcelona : 1 - 4 (2019-03-17)
16231,2019-03-30,2018/2019,29,home,Espanyol,2,0,w,Barcelona - Espanyol : 2 - 0 (2019-03-30)
16240,2019-04-02,2018/2019,30,away,Villarreal,4,4,d,Villarreal - Barcelona : 4 - 4 (2019-04-02)
16248,2019-04-06,2018/2019,31,home,Atlético Madrid,2,0,w,Barcelona - Atlético Madrid : 2 - 0 (2019-04-06)
16265,2019-04-20,2018/2019,33,home,Real Sociedad,2,1,w,Barcelona - Real Sociedad : 2 - 1 (2019-04-20)
16275,2019-04-23,2018/2019,34,away,Deportivo Alavés,2,0,w,Deportivo Alavés - Barcelona : 0 - 2 (2019-04-23)
16289,2019-04-27,2018/2019,35,home,Levante,1,0,w,Barcelona - Levante : 1 - 0 (2019-04-27)
16306,2019-05-12,2018/2019,37,home,Getafe,2,0,w,Barcelona - Getafe : 2 - 0 (2019-05-12)
16317,2019-05-19,2018/2019,38,away,Eibar,2,2,d,Eibar - Barcelona : 2 - 2 (2019-05-19)
303666,2019-09-21,2019/2020,5,away,Granada,0,2,l,Granada - Barcelona : 2 - 0 (2019-09-21)
303430,2019-09-24,2019/2020,6,home,Villarreal,2,1,w,Barcelona - Villarreal : 2 - 1 (2019-09-24)
303473,2019-10-06,2019/2020,8,home,Sevilla,4,0,w,Barcelona - Sevilla : 4 - 0 (2019-10-06)
303700,2019-10-19,2019/2020,9,away,Eibar,3,0,w,Eibar - Barcelona : 0 - 3 (2019-10-19)
303600,2019-10-29,2019/2020,11,home,Real Valladolid,5,1,w,Barcelona - Real Valladolid : 5 - 1 (2019-10-29)
303504,2019-11-02,2019/2020,12,away,Levante,1,3,l,Levante - Barcelona : 3 - 1 (2019-11-02)
303487,2019-11-09,2019/2020,13,home,Celta Vigo,4,1,w,Barcelona - Celta Vigo : 4 - 1 (2019-11-09)
303715,2019-11-23,2019/2020,14,away,Leganés,2,1,w,Leganés - Barcelona : 1 - 2 (2019-11-23)
303524,2019-12-01,2019/2020,15,away,Atlético Madrid,1,0,w,Atlético Madrid - Barcelona : 0 - 1 (2019-12-01)
303451,2019-12-07,2019/2020,16,home,Mallorca,5,2,w,Barcelona - Mallorca : 5 - 2 (2019-12-07)
303664,2019-12-14,2019/2020,17,away,Real Sociedad,2,2,d,Real Sociedad - Barcelona : 2 - 2 (2019-12-14)
303596,2019-12-18,2019/2020,10,home,Real Madrid,0,0,d,Barcelona - Real Madrid : 0 - 0 (2019-12-18)
303517,2019-12-21,2019/2020,18,home,Deportivo Alavés,4,1,w,Barcelona - Deportivo Alavés : 4 - 1 (2019-12-21)
303652,2020-01-04,2019/2020,19,away,Espanyol,2,2,d,Espanyol - Barcelona : 2 - 2 (2020-01-04)
303610,2020-01-19,2019/2020,20,home,Granada,1,0,w,Barcelona - Granada : 1 - 0 (2020-01-19)
303400,2020-01-25,2019/2020,21,away,Valencia,0,2,l,Valencia - Barcelona : 2 - 0 (2020-01-25)
303682,2020-02-02,2019/2020,22,home,Levante,2,1,w,Barcelona - Levante : 2 - 1 (2020-02-02)
303707,2020-02-09,2019/2020,23,away,Real Betis,3,2,w,Real Betis - Barcelona : 2 - 3 (2020-02-09)
303377,2020-02-15,2019/2020,24,home,Getafe,2,1,w,Barcelona - Getafe : 2 - 1 (2020-02-15)
303731,2020-02-22,2019/2020,25,home,Eibar,5,0,w,Barcelona - Eibar : 5 - 0 (2020-02-22)
303470,2020-03-01,2019/2020,26,away,Real Madrid,0,2,l,Real Madrid - Barcelona : 2 - 0 (2020-03-01)
303479,2020-03-07,2019/2020,27,home,Real Sociedad,1,0,w,Barcelona - Real Sociedad : 1 - 0 (2020-03-07)
303548,2020-06-13,2019/2020,28,away,Mallorca,4,0,w,Mallorca - Barcelona : 0 - 4 (2020-06-13)
303532,2020-06-16,2019/2020,29,home,Leganés,2,0,w,Barcelona - Leganés : 2 - 0 (2020-06-16)
303674,2020-06-19,2019/2020,30,away,Sevilla,0,0,d,Sevilla - Barcelona : 0 - 0 (2020-06-19)
303493,2020-06-23,2019/2020,31,home,Athletic Club,1,0,w,Barcelona - Athletic Club : 1 - 0 (2020-06-23)
303516,2020-06-27,2019/2020,32,away,Celta Vigo,2,2,d,Celta Vigo - Barcelona : 2 - 2 (2020-06-27)
303696,2020-06-30,2019/2020,33,home,Atlético Madrid,2,2,d,Barcelona - Atlético Madrid : 2 - 2 (2020-06-30)
303725,2020-07-05,2019/2020,34,away,Villarreal,4,1,w,Villarreal - Barcelona : 1 - 4 (2020-07-05)
303615,2020-07-08,2019/2020,35,home,Espanyol,1,0,w,Barcelona - Espanyol : 1 - 0 (2020-07-08)
303680,2020-07-11,2019/2020,36,away,Real Valladolid,1,0,w,Real Valladolid - Barcelona : 0 - 1 (2020-07-11)
303634,2020-07-16,2019/2020,37,home,Osasuna,1,2,l,Barcelona - Osasuna : 1 - 2 (2020-07-16)
303421,2020-07-19,2019/2020,38,away,Deportivo Alavés,5,0,w,Deportivo Alavés - Barcelona : 0 - 5 (2020-07-19)
3773593,2020-09-27,2020/2021,3,home,Villarreal,4,0,w,Barcelona - Villarreal : 4 - 0 (2020-09-27)
3773466,2020-10-01,2020/2021,4,away,Celta Vigo,3,0,w,Celta Vigo - Barcelona : 0 - 3 (2020-10-01)
3773672,2020-10-04,2020/2021,5,home,Sevilla,1,1,d,Barcelona - Sevilla : 1 - 1 (2020-10-04)
3773587,2020-10-17,2020/2021,6,away,Getafe,0,1,l,Getafe - Barcelona : 1 - 0 (2020-10-17)
3773585,2020-10-24,2020/2021,7,home,Real Madrid,1,3,l,Barcelona - Real Madrid : 1 - 3 (2020-10-24)
3773386,2020-10-31,2020/2021,8,away,Deportivo Alavés,1,1,d,Deportivo Alavés - Barcelona : 1 - 1 (2020-10-31)
3773477,2020-11-07,2020/2021,9,home,Real Betis,5,2,w,Barcelona - Real Betis : 5 - 2 (2020-11-07)
3773656,2020-11-21,2020/2021,10,away,Atlético Madrid,0,1,l,Atlético Madrid - Barcelona : 1 - 0 (2020-11-21)
3773547,2020-11-29,2020/2021,11,home,Osasuna,4,0,w,Barcelona - Osasuna : 4 - 0 (2020-11-29)
3773428,2020-12-05,2020/2021,12,away,Cádiz,1,2,l,Cádiz - Barcelona : 2 - 1 (2020-12-05)
3773660,2020-12-13,2020/2021,13,home,Levante,1,0,w,Barcelona - Levante : 1 - 0 (2020-12-13)
3773523,2020-12-16,2020/2021,19,home,Real Sociedad,2,1,w,Barcelona - Real Sociedad : 2 - 1 (2020-12-16)
3773377,2020-12-19,2020/2021,14,home,Valencia,2,2,d,Barcelona - Valencia : 2 - 2 (2020-12-19)
3773571,2020-12-22,2020/2021,15,away,Real Valladolid,3,0,w,Real Valladolid - Barcelona : 0 - 3 (2020-12-22)
3773552,2021-01-03,2020/2021,17,away,Huesca,1,0,w,Huesca - Barcelona : 0 - 1 (2021-01-03)
3764661,2021-01-06,2020/2021,2,away,Athletic Club,3,2,w,Athletic Club - Barcelona : 2 - 3 (2021-01-06)
3773565,2021-01-09,2020/2021,18,away,Granada,4,0,w,Granada - Barcelona : 0 - 4 (2021-01-09)
3773403,2021-01-31,2020/2021,21,home,Athletic Club,2,1,w,Barcelona - Athletic Club : 2 - 1 (2021-01-31)
3773631,2021-02-07,2020/2021,22,away,Real Betis,3,2,w,Real Betis - Barcelona : 2 - 3 (2021-02-07)
3773526,2021-02-13,2020/2021,23,home,Deportivo Alavés,5,1,w,Barcelona - Deportivo Alavés : 5 - 1 (2021-02-13)
3773415,2021-02-21,2020/2021,24,home,Cádiz,1,1,d,Barcelona - Cádiz : 1 - 1 (2021-02-21)
3764440,2021-02-24,2020/2021,1,home,Elche,3,0,w,Barcelona - Elche : 3 - 0 (2021-02-24)
3773625,2021-02-27,2020/2021,25,away,Sevilla,2,0,w,Sevilla - Barcelona : 0 - 2 (2021-02-27)
3773665,2021-03-06,2020/2021,26,away,Osasuna,2,0,w,Osasuna - Barcelona : 0 - 2 (2021-03-06)
3773369,2021-03-15,2020/2021,27,home,Huesca,4,1,w,Barcelona - Huesca : 4 - 1 (2021-03-15)
3773597,2021-03-21,2020/2021,28,away,Real Sociedad,6,1,w,Real Sociedad - Barcelona : 1 - 6 (2021-03-21)
3773474,2021-04-05,2020/2021,29,home,Real Valladolid,1,0,w,Barcelona - Real Valladolid : 1 - 0 (2021-04-05)
3773497,2021-04-10,2020/2021,30,away,Real Madrid,1,2,l,Real Madrid - Barcelona : 2 - 1 (2021-04-10)
3773661,2021-04-22,2020/2021,31,home,Getafe,5,2,w,Barcelona - Getafe : 5 - 2 (2021-04-22)
3773689,2021-04-25,2020/2021,32,away,Villarreal,2,1,w,Villarreal - Barcelona : 1 - 2 (2021-04-25)
3773586,2021-04-29,2020/2021,33,home,Granada,1,2,l,Barcelona - Granada : 1 - 2 (2021-04-29)
3773695,2021-05-02,2020/2021,34,away,Valencia,3,2,w,Valencia - Barcelona : 2 - 3 (2021-05-02)
3773372,2021-05-08,2020/2021,35,home,Atlético Madrid,0,0,d,Barcelona - Atlético Madrid : 0 - 0 (2021-05-08)
3773387,2021-05-11,2020/2021,36,away,Levante,3,3,d,Levante - Barcelona : 3 - 3 (2021-05-11)
3773457,2021-05-16,2020/2021,37,home,Celta Vigo,1,2,l,Barcelona - Celta Vigo : 1 - 2 (2021-05-16)
